# Public, non-identifying privacy patterns.
# Columns: action<TAB>pattern<TAB>replacement<TAB>note
# Maintainer-specific values are handled by mandatory semantic review.
scrub	(?i)\b[A-Z]:[\\/]+Users[\\/]+Administrator(?=[\\/]|$)	<USER_HOME>	Windows Administrator home prefix
scrub	S-1-5-21-(?:\d+-){2,}\d+	<WINDOWS_SID>	Windows account SID
scrub	(?i)\bgen-lang-client-\d{10,}\b	<CLOUD_PROJECT_ID>	Google-generated cloud project identifier
scrub	(?i)(?:private|personal)[-_ ]discord[-_ ]server	exampleserver	private server label
scrub	(?i)Private Research Note \(\d+\)\.(?:md|pdf)	internal-research-notes.md	private note filename
warn	(?i)(?:personal|private)[-_ ](?:handle|account)	<PRIVATE_IDENTITY>	private identity label
block-only	(?i)\b[A-Z0-9._%+-]+@(?:gmail\.com|gmx\.(?:de|com|net)|outlook\.com|hotmail\.com|web\.de|icloud\.com|yahoo\.(?:com|de|co\.uk)|protonmail\.com|proton\.me)\b	<PRIVATE_EMAIL>	consumer email address
